Player Name,Position,Club Name,Age,Starts,Mins,Goals,npG,Assists,crdY,crdR,xG,npXG,xA
Bukayo Saka,2,0,18,30,2553,5.0,5.0,3.0,1.0,0.0,6.9,6.9,4.4
Granit Xhaka,1,0,27,29,2522,1.0,1.0,2.0,7.0,1.0,0.9,0.9,1.5
Rob Holding,0,0,24,28,2558,0.0,0.0,1.0,2.0,0.0,1.0,1.0,0.2
Pierre-Emerick Aubameyang,2,0,31,26,2332,10.0,8.0,3.0,2.0,0.0,10.2,8.6,2.4
Kieran Tierney,0,0,23,26,2299,1.0,1.0,3.0,4.0,0.0,0.5,0.5,3.5
Héctor Bellerín,0,0,25,24,2089,1.0,1.0,2.0,8.0,0.0,0.8,0.8,2.4
Gabriel Dos Santos,0,0,22,22,1996,2.0,2.0,0.0,4.0,1.0,1.3,1.3,0.1
Alexandre Lacazette,2,0,29,22,1923,13.0,10.0,2.0,3.0,0.0,11.7,9.3,2.2
Thomas Partey,1,0,27,18,1534,0.0,0.0,2.0,5.0,0.0,1.3,1.3,1.0
Emile Smith Rowe,1,0,20,18,1440,2.0,2.0,4.0,0.0,0.0,1.8,1.8,3.4
Dani Ceballos,1,0,23,17,1615,0.0,0.0,3.0,4.0,0.0,0.6,0.6,2.6
Mohamed Elneny,1,0,28,17,1544,1.0,1.0,0.0,3.0,0.0,0.4,0.4,0.2
David Luiz,0,0,33,17,1396,1.0,1.0,0.0,1.0,1.0,0.9,0.9,0.5
Nicolas Pépé,2,0,25,16,1616,10.0,9.0,1.0,1.0,1.0,5.8,5.0,1.0
Willian,2,0,31,16,1406,1.0,1.0,5.0,0.0,0.0,1.9,1.9,3.0
Pablo Marí,0,0,26,10,900,0.0,0.0,0.0,2.0,0.0,0.1,0.1,0.3
Martin Ødegaard,1,0,21,9,866,1.0,1.0,2.0,0.0,0.0,0.7,0.7,2.0
Calum Chambers,0,0,25,8,753,0.0,0.0,2.0,0.0,0.0,0.4,0.4,1.1
Cédric Soares,0,0,28,8,746,0.0,0.0,1.0,1.0,0.0,0.3,0.3,0.9
Martinelli,2,0,19,7,589,2.0,2.0,1.0,0.0,0.0,3.3,3.3,1.8
Ainsley Maitland-Niles,1,0,22,5,490,0.0,0.0,0.0,0.0,0.0,0.1,0.1,0.1
Eddie Nketiah,2,0,21,4,423,2.0,2.0,1.0,0.0,0.0,1.8,1.8,0.6
Joe Willock,1,0,20,2,238,0.0,0.0,0.0,1.0,0.0,0.3,0.3,0.1
Sead Kolašinac,0,0,27,1,90,0.0,0.0,0.0,0.0,0.0,0.0,0.0,0.0
Reiss Nelson,2,0,20,0,71,0.0,0.0,0.0,0.0,0.0,0.1,0.1,0.0
Shkodran Mustafi,0,0,28,0,47,0.0,0.0,0.0,0.0,0.0,0.0,0.0,0.0
Matt Targett,0,1,24,38,3404,0.0,0.0,2.0,7.0,0.0,0.3,0.3,2.5
John McGinn,1,1,25,37,3330,3.0,3.0,5.0,12.0,0.0,2.5,2.5,3.6
Ollie Watkins,2,1,24,37,3328,14.0,13.0,5.0,4.0,1.0,14.5,13.0,5.3
Tyrone Mings,0,1,27,36,3194,2.0,2.0,2.0,6.0,1.0,1.9,1.9,0.4
Ezri Konsa,0,1,22,35,3196,2.0,2.0,0.0,3.0,0.0,2.4,2.4,0.1
Douglas Luiz,1,1,22,32,2781,0.0,0.0,2.0,10.0,1.0,1.2,1.2,1.6
Bertrand Traoré,2,1,24,29,2317,7.0,7.0,6.0,1.0,0.0,6.6,6.6,4.3
Matty Cash,0,1,22,28,2372,0.0,0.0,2.0,8.0,1.0,0.3,0.3,1.7
Jack Grealish,2,1,24,24,2185,6.0,6.0,10.0,6.0,0.0,4.6,4.6,7.4
Ross Barkley,1,1,26,18,1531,3.0,3.0,1.0,0.0,0.0,3.1,3.1,4.2
Anwar El Ghazi,2,1,25,17,1613,10.0,6.0,0.0,2.0,0.0,8.4,5.3,1.8
Trézéguet,2,1,25,12,1166,2.0,2.0,1.0,0.0,0.0,3.8,3.8,2.1
Marvelous Nakamba,1,1,26,9,749,0.0,0.0,0.0,3.0,0.0,0.0,0.0,0.1
Ahmed Elmohamady,0,1,32,8,839,0.0,0.0,0.0,2.0,0.0,0.4,0.4,1.0
Kortney Hause,0,1,25,7,630,1.0,1.0,0.0,2.0,0.0,1.0,1.0,0.0
Jacob Ramsey,1,1,19,6,626,0.0,0.0,0.0,0.0,0.0,0.5,0.5,0.3
Morgan Sanson,1,1,25,3,294,0.0,0.0,0.0,3.0,0.0,0.0,0.0,0.1
Conor Hourihane,1,1,29,3,225,1.0,1.0,1.0,0.0,0.0,0.7,0.7,0.6
Keinan Davis,2,1,22,1,277,1.0,1.0,1.0,0.0,0.0,1.5,1.5,0.6
Carney Chukwuemeka,1,1,16,0,20,0.0,0.0,0.0,0.0,0.0,0.0,0.0,0.0
Wesley Moraes,2,1,23,0,18,0.0,0.0,0.0,0.0,0.0,0.0,0.0,0.0
Neil Taylor,0,1,31,0,16,0.0,0.0,0.0,1.0,0.0,0.0,0.0,0.0
Jaden Philogene Bidace,2,1,18,0,1,0.0,0.0,0.0,0.0,0.0,0.0,0.0,0.0
Ben White,0,4,22,36,3191,0.0,0.0,0.0,5.0,1.0,0.5,0.5,0.9
Yves Bissouma,1,4,23,35,3111,1.0,1.0,0.0,8.0,1.0,1.4,1.4,0.9
Lewis Dunk,0,4,28,33,2931,5.0,5.0,0.0,5.0,2.0,2.2,2.2,1.2
Leandro Trossard,1,4,25,30,2607,5.0,5.0,5.0,2.0,0.0,4.6,4.6,4.9
Adam Webster,0,4,25,29,2594,1.0,1.0,0.0,4.0,0.0,2.0,2.0,0.2
Neal Maupay,2,4,23,29,2512,8.0,5.0,2.0,1.0,1.0,13.2,10.1,3.9
Pascal Groß,1,4,29,27,2484,3.0,0.0,8.0,3.0,0.0,4.9,1.7,5.2
Joël Veltman,0,4,28,25,2281,1.0,1.0,1.0,3.0,0.0,1.1,1.1,1.7
Dan Burn,0,4,28,23,2061,1.0,1.0,0.0,5.0,0.0,1.5,1.5,0.8
Solly March,0,4,26,19,1672,2.0,2.0,1.0,0.0,0.0,1.7,1.7,1.5
Danny Welbeck,2,4,29,17,1545,6.0,6.0,1.0,0.0,0.0,6.6,5.8,2.8
Adam Lallana,1,4,32,16,1596,1.0,1.0,1.0,0.0,0.0,1.6,1.6,2.6
Alexis Mac Allister,1,4,21,13,1115,1.0,1.0,1.0,1.0,0.0,1.3,1.3,1.5
Tariq Lamptey,0,4,19,11,886,1.0,1.0,1.0,4.0,1.0,0.7,0.7,0.8
Steven Alzate,1,4,21,10,896,1.0,1.0,0.0,2.0,0.0,0.8,0.8,0.6
Aaron Connolly,2,4,20,9,791,2.0,2.0,1.0,0.0,0.0,4.0,4.0,0.2
Jakub Moder,0,4,21,7,647,0.0,0.0,0.0,0.0,0.0,0.8,0.8,0.2
Alireza Jahanbakhsh,2,4,26,6,528,0.0,0.0,1.0,3.0,0.0,1.5,1.5,3.0
Davy Pröpper,1,4,28,2,213,0.0,0.0,0.0,0.0,0.0,0.2,0.2,0.0
Bernardo,0,4,25,2,206,0.0,0.0,0.0,0.0,0.0,0.4,0.4,0.1
Percy Tau,2,4,26,1,103,0.0,0.0,1.0,0.0,0.0,0.0,0.0,0.4
Andi Zeqiri,2,4,21,0,171,0.0,0.0,0.0,0.0,0.0,0.7,0.7,0.1
José Izquierdo,0,4,28,0,9,0.0,0.0,0.0,0.0,0.0,0.0,0.0,0.0
Reda Khadra,1,4,19,0,5,0.0,0.0,0.0,0.0,0.0,0.0,0.0,0.0
Jayson Molumby,1,4,20,0,1,0.0,0.0,0.0,0.0,0.0,0.0,0.0,0.0
Ashley Westwood,1,5,30,38,3410,3.0,3.0,3.0,7.0,0.0,1.2,1.2,6.8
James Tarkowski,0,5,27,36,3240,1.0,1.0,0.0,6.0,0.0,3.4,3.4,1.2
Dwight McNeil,1,5,20,34,3069,2.0,2.0,5.0,1.0,0.0,1.1,1.1,6.2
Matthew Lowton,0,5,31,34,3060,1.0,1.0,1.0,5.0,0.0,0.8,0.8,3.1
Josh Brownhill,1,5,24,32,2813,0.0,0.0,1.0,2.0,0.0,1.9,1.9,0.7
Chris Wood,2,5,28,32,2741,12.0,10.0,3.0,0.0,0.0,13.0,11.4,1.9
Ben Mee,0,5,30,30,2693,2.0,2.0,0.0,3.0,0.0,2.3,2.3,0.3
Charlie Taylor,0,5,26,28,2426,0.0,0.0,1.0,1.0,0.0,0.1,0.1,1.4
Jóhann Berg Guðmundsson,1,5,29,16,1363,2.0,2.0,0.0,2.0,0.0,1.2,1.2,0.5
Matěj Vydra,2,5,28,15,1371,3.0,3.0,2.0,0.0,0.0,5.2,5.2,1.8
Jack Cork,1,5,31,15,1350,0.0,0.0,0.0,2.0,0.0,0.2,0.2,0.6
Ashley Barnes,2,5,30,15,1331,3.0,2.0,0.0,4.0,0.0,4.1,3.3,0.8
Erik Pieters,0,5,31,13,1266,0.0,0.0,1.0,1.0,0.0,0.2,0.2,0.4
Jay Rodriguez,2,5,31,12,1265,1.0,1.0,2.0,3.0,0.0,3.0,3.0,1.1
Robbie Brady,1,5,28,12,1052,1.0,1.0,1.0,3.0,0.0,0.8,0.8,0.9
Kevin Long,0,5,29,7,637,0.0,0.0,0.0,2.0,0.0,0.4,0.4,0.0
Phil Bardsley,0,5,35,3,274,0.0,0.0,0.0,2.0,0.0,0.1,0.1,0.0
Jimmy Dunne,0,5,22,3,270,1.0,1.0,0.0,1.0,0.0,0.5,0.5,0.1
Dale Stephens,1,5,31,3,261,0.0,0.0,0.0,1.0,0.0,0.2,0.2,0.0
Josh Benson,1,5,20,2,264,0.0,0.0,0.0,0.0,0.0,0.2,0.2,0.0
Joel Mumbongo,2,5,21,0,40,0.0,0.0,0.0,1.0,0.0,0.0,0.0,0.0
Lewis Richardson,2,5,17,0,4,0.0,0.0,0.0,0.0,0.0,0.0,0.0,0.0
Mason Mount,1,7,21,32,2890,6.0,5.0,5.0,2.0,0.0,6.3,5.5,8.2
Timo Werner,2,7,24,29,2602,6.0,6.0,8.0,2.0,0.0,11.4,11.4,5.6
Ben Chilwell,0,7,23,27,2286,3.0,3.0,5.0,3.0,0.0,2.4,2.4,2.4
Reece James,0,7,20,25,2373,1.0,1.0,2.0,3.0,0.0,1.6,1.6,3.5
César Azpilicueta,0,7,30,24,2188,1.0,1.0,2.0,5.0,1.0,0.7,0.7,2.5
N'Golo Kanté,1,7,29,24,2146,0.0,0.0,2.0,7.0,0.0,0.6,0.6,1.3
Jorginho,1,7,28,23,2010,7.0,0.0,1.0,2.0,0.0,7.3,0.2,1.7
Thiago Silva,0,7,35,23,1935,2.0,2.0,0.0,5.0,1.0,1.7,1.7,0.3
Kurt Zouma,0,7,25,22,2029,5.0,5.0,0.0,3.0,0.0,2.0,2.0,0.1
Mateo Kovačić,1,7,26,21,1815,0.0,0.0,1.0,4.0,0.0,1.0,1.0,1.7
Antonio Rüdiger,0,7,27,19,1710,1.0,1.0,0.0,0.0,0.0,1.3,1.3,0.4
Christian Pulisic,2,7,21,18,1738,4.0,4.0,2.0,2.0,0.0,6.1,6.1,2.8
Kai Havertz,1,7,21,18,1520,4.0,4.0,3.0,2.0,0.0,5.5,5.5,1.3
Andreas Christensen,0,7,24,15,1371,0.0,0.0,0.0,2.0,1.0,0.1,0.1,0.3
Hakim Ziyech,1,7,27,15,1172,2.0,2.0,3.0,3.0,0.0,1.9,1.9,3.6
Tammy Abraham,2,7,22,12,1040,6.0,6.0,1.0,0.0,0.0,5.9,5.9,0.7
Marcos Alonso,0,7,29,11,960,2.0,2.0,0.0,2.0,0.0,1.8,1.8,1.3
Callum Hudson-Odoi,2,7,19,10,1059,2.0,2.0,3.0,0.0,0.0,1.3,1.3,2.8
Olivier Giroud,2,7,33,8,748,4.0,4.0,0.0,1.0,0.0,4.2,4.2,1.1
Billy Gilmour,1,7,19,3,261,0.0,0.0,0.0,0.0,0.0,0.1,0.1,0.2
Ruben Loftus-Cheek,2,7,24,1,60,0.0,0.0,0.0,0.0,0.0,0.0,0.0,0.0
Emerson Palmieri,0,7,25,0,90,0.0,0.0,0.0,0.0,0.0,0.0,0.0,0.0
Fikayo Tomori,0,7,22,0,45,0.0,0.0,0.0,0.0,0.0,0.0,0.0,0.0
Ross Barkley,2,7,26,0,42,0.0,0.0,0.0,0.0,0.0,0.0,0.0,0.1
Cheikhou Kouyaté,0,8,30,35,3121,1.0,1.0,0.0,4.0,0.0,0.7,0.7,1.0
Wilfried Zaha,2,8,27,29,2612,11.0,9.0,2.0,6.0,0.0,8.1,6.5,3.1
Eberechi Eze,1,8,22,29,2559,4.0,4.0,6.0,3.0,0.0,2.2,2.2,3.9
Luka Milivojević,1,8,29,27,2359,1.0,0.0,1.0,8.0,1.0,2.4,0.8,1.7
Andros Townsend,1,8,29,25,2258,1.0,1.0,5.0,0.0,0.0,2.3,2.3,4.0
Joel Ward,0,8,30,25,2256,0.0,0.0,1.0,5.0,0.0,0.1,0.1,0.6
Jordan Ayew,2,8,28,23,2096,1.0,1.0,3.0,4.0,0.0,2.2,2.2,0.7
Christian Benteke,2,8,29,21,1816,10.0,10.0,1.0,3.0,1.0,8.3,8.3,0.9
Gary Cahill,0,8,34,20,1800,1.0,1.0,1.0,3.0,0.0,0.7,0.7,0.6
Patrick van Aanholt,0,8,29,20,1777,0.0,0.0,1.0,2.0,0.0,1.4,1.4,0.7
Jaïro Riedewald,1,8,23,19,1820,2.0,2.0,0.0,4.0,0.0,0.6,0.6,0.8
Tyrick Mitchell,0,8,20,19,1710,1.0,1.0,1.0,1.0,0.0,0.8,0.8,0.2
James McArthur,1,8,32,17,1466,0.0,0.0,2.0,3.0,0.0,0.3,0.3,1.2
Jeffrey Schlupp,1,8,27,15,1428,2.0,2.0,3.0,3.0,0.0,1.9,1.9,2.0
Scott Dann,0,8,33,15,1350,1.0,1.0,0.0,1.0,0.0,0.3,0.3,0.0
Nathaniel Clyne,0,8,29,13,1145,0.0,0.0,1.0,2.0,0.0,0.2,0.2,0.2
James McCarthy,1,8,29,10,821,0.0,0.0,0.0,1.0,0.0,0.0,0.0,0.3
Michy Batshuayi,2,8,26,7,728,2.0,2.0,1.0,0.0,0.0,1.6,1.6,1.6
James Tomkins,0,8,31,6,553,0.0,0.0,0.0,1.0,0.0,0.2,0.2,0.3
Mamadou Sakho,0,8,30,3,276,0.0,0.0,0.0,0.0,0.0,0.1,0.1,0.0
Jean-Philippe Mateta,2,8,23,2,221,1.0,1.0,0.0,0.0,0.0,0.3,0.3,0.0
Martin Kelly,0,8,30,0,2,0.0,0.0,0.0,0.0,0.0,0.0,0.0,0.0
Michael Keane,0,9,27,33,2991,3.0,3.0,1.0,4.0,0.0,1.5,1.5,1.1
Richarlison,2,9,23,33,2861,7.0,6.0,3.0,4.0,1.0,9.7,8.8,3.3
Dominic Calvert-Lewin,2,9,23,32,2871,16.0,16.0,0.0,3.0,0.0,16.3,16.3,2.0
Lucas Digne,0,9,27,30,2681,0.0,0.0,7.0,2.0,1.0,0.5,0.5,5.2
Ben Godfrey,0,9,22,29,2685,0.0,0.0,2.0,4.0,0.0,1.0,1.0,0.8
Abdoulaye Doucouré,1,9,27,29,2443,2.0,2.0,3.0,6.0,0.0,2.3,2.3,2.0
Mason Holgate,0,9,23,26,2287,1.0,1.0,0.0,9.0,0.0,1.0,1.0,0.7
Gylfi Sigurðsson,1,9,30,24,2253,6.0,3.0,5.0,2.0,0.0,6.5,3.4,3.8
Allan,1,9,29,23,2051,0.0,0.0,0.0,6.0,0.0,0.3,0.3,0.8
Yerry Mina,0,9,25,23,1937,2.0,2.0,0.0,2.0,0.0,1.6,1.6,0.0
James Rodríguez,2,9,29,21,1764,6.0,6.0,4.0,4.0,0.0,2.8,2.8,4.8
Séamus Coleman,0,9,31,18,1613,0.0,0.0,3.0,0.0,0.0,0.9,0.9,1.8
André Gomes,1,9,27,17,1570,0.0,0.0,1.0,3.0,0.0,0.5,0.5,1.0
Alex Iwobi,2,9,24,17,1542,1.0,1.0,2.0,0.0,0.0,0.9,0.9,1.9
Tom Davies,1,9,22,17,1423,0.0,0.0,1.0,3.0,0.0,0.2,0.2,0.9
Bernard,1,9,27,3,455,1.0,1.0,0.0,2.0,0.0,0.3,0.3,0.6
Fabian Delph,1,9,30,2,266,0.0,0.0,0.0,1.0,0.0,0.0,0.0,0.1
Anthony Gordon,2,9,19,1,88,0.0,0.0,0.0,0.0,0.0,0.0,0.0,0.0
Niels Nkounkou,0,9,19,1,81,0.0,0.0,0.0,1.0,0.0,0.0,0.0,0.0
Jonjoe Kenny,0,9,23,1,79,0.0,0.0,0.0,0.0,0.0,0.0,0.0,0.0
Joshua King,1,9,28,0,148,0.0,0.0,0.0,0.0,0.0,0.6,0.6,0.0
Cenk Tosun,2,9,29,0,48,0.0,0.0,0.0,1.0,0.0,0.0,0.0,0.1
Moise Kean,2,9,20,0,15,0.0,0.0,0.0,0.0,0.0,0.0,0.0,0.0
Theo Walcott,2,9,31,0,13,0.0,0.0,0.0,0.0,0.0,0.0,0.0,0.0
Jean-Philippe Gbamin,1,9,24,0,12,0.0,0.0,0.0,0.0,0.0,0.0,0.0,0.0
Nathan Broadhead,2,9,22,0,3,0.0,0.0,0.0,0.0,0.0,0.0,0.0,0.0
Tosin Adarabioyo,0,10,22,33,2953,0.0,0.0,0.0,1.0,0.0,1.1,1.1,0.3
Ademola Lookman,2,10,22,31,2747,4.0,4.0,4.0,5.0,0.0,6.3,5.5,5.2
Ola Aina,0,10,23,31,2664,2.0,2.0,1.0,3.0,0.0,1.2,1.2,1.5
Joachim Andersen,0,10,24,30,2730,1.0,1.0,1.0,7.0,1.0,1.2,1.2,0.4
Andre-Frank Zambo Anguissa,1,10,24,29,2587,0.0,0.0,3.0,6.0,0.0,1.6,1.6,2.5
Bobby Reid,1,10,27,28,2372,5.0,5.0,2.0,7.0,0.0,3.8,3.8,1.1
Ivan Cavaleiro,2,10,26,27,2472,3.0,2.0,0.0,2.0,0.0,6.4,4.8,2.7
Harrison Reed,1,10,25,26,2247,0.0,0.0,2.0,5.0,0.0,0.4,0.4,1.7
Antonee Robinson,0,10,22,24,2162,0.0,0.0,0.0,4.0,1.0,0.4,0.4,1.9
Ruben Loftus-Cheek,1,10,24,21,1909,1.0,1.0,0.0,3.0,0.0,3.4,3.4,1.2
Mario Lemina,1,10,26,19,1703,1.0,1.0,0.0,5.0,0.0,0.7,0.7,0.8
Kenny Tete,0,10,24,18,1481,0.0,0.0,1.0,3.0,0.0,0.3,0.3,1.4
Aleksandar Mitrović,2,10,25,13,1402,3.0,2.0,3.0,3.0,0.0,6.2,4.6,2.7
Josh Maja,2,10,21,9,810,3.0,2.0,0.0,0.0,0.0,4.5,3.7,0.5
Tom Cairney,1,10,29,9,759,1.0,1.0,1.0,2.0,0.0,0.5,0.5,1.1
Joe Bryan,0,10,26,7,669,1.0,1.0,0.0,2.0,0.0,0.6,0.6,0.3
Tim Ream,0,10,32,7,630,0.0,0.0,0.0,0.0,0.0,0.0,0.0,0.0
Josh Onomah,1,10,23,4,374,0.0,0.0,0.0,1.0,0.0,0.4,0.4,0.0
Denis Odoi,0,10,32,3,270,0.0,0.0,0.0,1.0,0.0,0.1,0.1,0.1
Michael Hector,0,10,28,3,263,0.0,0.0,0.0,2.0,0.0,0.1,0.1,0.0
Fabio Carvalho,1,10,17,3,255,1.0,1.0,0.0,0.0,0.0,1.2,1.2,0.4
Aboubakar Kamara,2,10,25,2,315,0.0,0.0,0.0,1.0,1.0,0.5,0.5,0.3
Maxime Le Marchand,0,10,30,1,123,0.0,0.0,0.0,2.0,0.0,0.0,0.0,0.0
Neeskens Kebano,2,10,28,1,119,0.0,0.0,0.0,0.0,0.0,0.3,0.3,0.0
Terence Kongolo,0,10,26,1,90,0.0,0.0,0.0,0.0,0.0,0.0,0.0,0.0
Tyrese Francois,0,10,20,0,15,0.0,0.0,0.0,0.0,0.0,0.0,0.0,0.0
Stuart Dallas,1,12,29,38,3409,8.0,8.0,2.0,7.0,0.0,4.2,4.2,1.8
Luke Ayling,0,12,28,38,3399,0.0,0.0,0.0,7.0,0.0,1.7,1.7,3.2
Patrick Bamford,2,12,26,37,3050,17.0,15.0,7.0,3.0,0.0,18.2,16.6,3.5
Jack Harrison,1,12,23,34,2847,8.0,8.0,8.0,2.0,0.0,5.8,5.8,6.5
Ezgjan Alioski,0,12,28,29,2461,2.0,2.0,3.0,7.0,0.0,1.6,1.6,3.3
Kalvin Phillips,1,12,24,28,2428,1.0,1.0,2.0,10.0,0.0,0.5,0.5,3.4
Mateusz Klich,1,12,30,28,2393,4.0,2.0,5.0,6.0,0.0,3.0,1.4,3.4
Raphinha,1,12,23,26,2360,6.0,6.0,9.0,3.0,0.0,5.7,5.7,7.9
Liam Cooper,0,12,28,25,2185,1.0,1.0,0.0,4.0,1.0,1.8,1.8,0.0
Pascal Struijk,0,12,20,22,2075,1.0,1.0,0.0,3.0,0.0,1.7,1.7,0.1
Tyler Roberts,1,12,21,14,1340,1.0,1.0,2.0,3.0,0.0,1.8,1.8,2.3
Rodrigo,1,12,29,14,1288,7.0,7.0,2.0,3.0,0.0,5.1,5.1,3.5
Diego Llorente,0,12,26,14,1204,1.0,1.0,0.0,1.0,0.0,0.8,0.8,0.5
Hélder Costa,1,12,26,13,1156,3.0,3.0,3.0,0.0,0.0,2.2,2.2,0.6
Robin Koch,0,12,24,13,1132,0.0,0.0,0.0,1.0,0.0,0.7,0.7,0.1
Jamie Shackleton,1,12,20,3,461,0.0,0.0,0.0,0.0,0.0,0.0,0.0,0.1
Pablo Hernández,1,12,35,3,427,0.0,0.0,2.0,1.0,0.0,1.1,1.1,0.7
Gaetano Berardi,0,12,31,1,113,0.0,0.0,0.0,0.0,0.0,0.1,0.1,0.0
Ian Carlo Poveda,1,12,20,0,355,0.0,0.0,0.0,0.0,0.0,0.3,0.3,1.1
Niall Huggins,0,12,19,0,38,0.0,0.0,0.0,0.0,0.0,0.0,0.0,0.0
Leif Davis,0,12,20,0,33,0.0,0.0,0.0,0.0,0.0,0.0,0.0,0.0
Youri Tielemans,1,13,23,37,3357,6.0,4.0,4.0,6.0,0.0,4.4,2.8,3.1
Jamie Vardy,2,13,33,31,2840,15.0,7.0,9.0,1.0,0.0,19.9,12.8,4.7
Jonny Evans,0,13,32,28,2473,2.0,2.0,2.0,7.0,0.0,1.7,1.7,0.4
Timothy Castagne,0,13,24,27,2345,2.0,2.0,3.0,1.0,0.0,1.1,1.1,2.2
Wesley Fofana,0,13,19,27,2262,0.0,0.0,0.0,7.0,0.0,1.0,1.0,0.3
Wilfred Ndidi,1,13,23,25,2176,1.0,1.0,4.0,6.0,0.0,0.7,0.7,1.3
James Maddison,1,13,23,24,2099,8.0,8.0,5.0,4.0,0.0,3.8,3.8,5.1
James Justin,0,13,22,23,2070,2.0,2.0,1.0,4.0,0.0,2.2,2.2,2.0
Harvey Barnes,2,13,22,22,1945,9.0,9.0,4.0,0.0,0.0,5.9,5.9,1.6
Çağlar Söyüncü,0,13,24,19,1819,1.0,1.0,0.0,2.0,0.0,0.7,0.7,0.5
Marc Albrighton,0,13,30,17,1746,1.0,1.0,5.0,2.0,0.0,1.2,1.2,3.5
Kelechi Iheanacho,2,13,23,16,1459,12.0,12.0,2.0,1.0,0.0,8.2,7.4,3.7
Nampalys Mendy,1,13,28,15,1459,0.0,0.0,1.0,5.0,0.0,0.1,0.1,0.2
Ayoze Pérez,1,13,27,15,1331,2.0,2.0,1.0,2.0,0.0,3.3,3.3,1.3
Luke Thomas,0,13,19,12,969,1.0,1.0,0.0,2.0,0.0,0.3,0.3,0.7
Ricardo Pereira,0,13,26,10,959,0.0,0.0,1.0,3.0,0.0,0.3,0.3,0.6
Dennis Praet,1,13,26,10,718,1.0,1.0,1.0,0.0,0.0,0.4,0.4,1.1
Daniel Amartey,0,13,25,8,722,1.0,1.0,0.0,3.0,0.0,0.4,0.4,0.0
Christian Fuchs,0,13,34,8,702,0.0,0.0,0.0,4.0,0.0,0.1,0.1,0.0
Hamza Choudhury,1,13,22,4,316,0.0,0.0,0.0,1.0,0.0,0.4,0.4,0.0
Cengiz Ünder,2,13,23,1,281,0.0,0.0,2.0,0.0,0.0,0.3,0.3,1.6
Sidnei Tavares,1,13,18,1,85,0.0,0.0,0.0,0.0,0.0,0.1,0.1,0.0
Islam Slimani,2,13,32,0,20,0.0,0.0,0.0,0.0,0.0,0.1,0.1,0.1
Demarai Gray,2,13,24,0,19,0.0,0.0,0.0,0.0,0.0,0.1,0.1,0.0
Wes Morgan,0,13,36,0,18,0.0,0.0,0.0,0.0,0.0,0.0,0.0,0.0
Khanya Leshabela,1,13,20,0,10,0.0,0.0,0.0,0.0,0.0,0.0,0.0,0.0
Andrew Robertson,0,14,26,38,3383,1.0,1.0,7.0,2.0,0.0,1.5,1.5,6.6
Mohamed Salah,2,14,28,34,3078,22.0,16.0,5.0,0.0,0.0,19.3,14.6,6.2
Trent Alexander-Arnold,0,14,21,34,3031,2.0,2.0,7.0,2.0,0.0,2.6,2.6,8.6
Georginio Wijnaldum,1,14,29,34,2941,2.0,2.0,0.0,1.0,0.0,2.6,2.6,1.4
Roberto Firmino,2,14,28,33,2838,9.0,9.0,7.0,2.0,0.0,11.3,11.3,5.6
Sadio Mané,2,14,28,31,2810,11.0,11.0,7.0,3.0,0.0,14.1,14.1,7.0
Fabinho,0,14,26,28,2567,0.0,0.0,0.0,6.0,0.0,0.3,0.3,0.3
Thiago Alcántara,1,14,29,20,1854,1.0,1.0,0.0,4.0,0.0,1.2,1.2,2.3
Jordan Henderson,1,14,30,20,1704,1.0,1.0,1.0,0.0,0.0,1.3,1.3,1.5
Nathaniel Phillips,0,14,23,15,1456,1.0,1.0,1.0,2.0,0.0,1.0,1.0,0.6
Curtis Jones,1,14,19,13,1179,1.0,1.0,2.0,2.0,0.0,1.7,1.7,1.5
Diogo Jota,2,14,23,12,1112,9.0,9.0,0.0,2.0,0.0,6.4,6.4,1.6
James Milner,1,14,34,11,1070,0.0,0.0,1.0,3.0,0.0,0.4,0.4,0.8
Ozan Kabak,0,14,20,9,801,0.0,0.0,0.0,3.0,0.0,0.1,0.1,0.0
Joël Matip,0,14,28,9,691,1.0,1.0,2.0,2.0,0.0,0.8,0.8,0.9
Rhys Williams,0,14,19,7,661,0.0,0.0,0.0,0.0,0.0,0.5,0.5,0.2
Naby Keïta,1,14,25,7,520,0.0,0.0,0.0,1.0,0.0,0.4,0.4,0.6
Joe Gomez,0,14,23,6,590,0.0,0.0,0.0,0.0,0.0,0.0,0.0,0.0
Xherdan Shaqiri,1,14,28,5,556,0.0,0.0,2.0,2.0,0.0,0.5,0.5,2.5
Virgil van Dijk,0,14,29,5,370,1.0,1.0,0.0,1.0,0.0,0.2,0.2,0.0
Neco Williams,0,14,19,3,249,0.0,0.0,0.0,1.0,0.0,0.1,0.1,0.2
Takumi Minamino,1,14,25,2,293,1.0,1.0,0.0,0.0,0.0,1.1,1.1,0.0
Alex Oxlade-Chamberlain,1,14,26,2,253,1.0,1.0,1.0,0.0,0.0,0.3,0.3,0.3
Divock Origi,2,14,25,2,186,0.0,0.0,0.0,0.0,0.0,1.1,1.1,0.2
Kostas Tsimikas,0,14,24,0,7,0.0,0.0,0.0,0.0,0.0,0.0,0.0,0.0
Rúben Dias,0,15,23,32,2843,1.0,1.0,0.0,4.0,0.0,1.9,1.9,0.1
Rodri,1,15,24,31,2748,2.0,1.0,2.0,6.0,0.0,2.4,1.6,1.4
Raheem Sterling,2,15,25,28,2536,10.0,10.0,7.0,4.0,0.0,11.0,10.2,5.7
João Cancelo,0,15,26,27,2299,2.0,2.0,3.0,5.0,1.0,1.6,1.6,4.6
Bernardo Silva,1,15,25,24,2065,2.0,2.0,6.0,5.0,0.0,2.8,2.8,3.8
İlkay Gündoğan,1,15,29,23,2029,13.0,12.0,2.0,1.0,0.0,9.0,7.4,3.5
Kevin De Bruyne,1,15,29,23,1997,6.0,4.0,12.0,1.0,0.0,9.3,6.9,8.0
Riyad Mahrez,2,15,29,23,1949,9.0,9.0,6.0,0.0,0.0,4.7,4.7,5.0
Gabriel Jesus,2,15,23,22,2063,9.0,9.0,4.0,2.0,0.0,8.7,8.7,2.7
Kyle Walker,0,15,30,22,1946,1.0,1.0,1.0,1.0,0.0,0.3,0.3,0.6
John Stones,0,15,26,22,1933,4.0,4.0,0.0,0.0,1.0,1.8,1.8,0.1
Phil Foden,2,15,20,17,1616,9.0,9.0,5.0,0.0,0.0,5.0,5.0,3.6
Oleksandr Zinchenko,0,15,23,15,1478,0.0,0.0,0.0,0.0,0.0,0.7,0.7,0.9
Ferrán Torres,2,15,20,15,1306,7.0,7.0,2.0,1.0,0.0,4.9,4.9,2.2
Aymeric Laporte,0,15,26,14,1344,0.0,0.0,0.0,1.0,0.0,0.8,0.8,0.4
Fernandinho,1,15,35,12,1188,0.0,0.0,2.0,6.0,0.0,0.7,0.7,1.3
Benjamin Mendy,0,15,26,11,953,2.0,2.0,1.0,2.0,0.0,0.3,0.3,0.2
Nathan Aké,0,15,25,9,797,1.0,1.0,0.0,4.0,0.0,0.3,0.3,0.0
Sergio Agüero,2,15,32,7,559,4.0,3.0,1.0,0.0,0.0,3.5,1.9,1.2
Eric García,0,15,19,3,383,0.0,0.0,0.0,0.0,0.0,0.1,0.1,0.0
Liam Delap,2,15,17,0,40,0.0,0.0,0.0,0.0,0.0,0.0,0.0,0.0
Bruno Fernandes,1,16,25,35,3099,18.0,9.0,12.0,6.0,0.0,16.1,8.2,11.4
Aaron Wan-Bissaka,0,16,22,34,3060,2.0,2.0,4.0,3.0,0.0,0.9,0.9,2.3
Harry Maguire,0,16,27,34,3047,2.0,2.0,1.0,11.0,0.0,2.3,2.2,0.3
Marcus Rashford,2,16,22,33,2920,11.0,11.0,9.0,4.0,0.0,8.9,8.9,3.8
Luke Shaw,0,16,25,30,2654,1.0,1.0,5.0,8.0,0.0,0.6,0.6,6.4
Victor Lindelöf,0,16,26,29,2585,1.0,1.0,1.0,0.0,0.0,0.6,0.6,0.3
Fred,1,16,27,27,2390,1.0,1.0,0.0,5.0,0.0,1.8,1.8,1.9
Scott McTominay,1,16,23,24,2129,4.0,4.0,1.0,3.0,0.0,2.1,2.1,1.7
Paul Pogba,1,16,27,21,1897,3.0,3.0,3.0,3.0,0.0,2.8,2.8,2.4
Mason Greenwood,2,16,18,21,1822,7.0,7.0,2.0,2.0,0.0,6.0,6.0,2.2
Anthony Martial,2,16,24,17,1480,4.0,4.0,3.0,0.0,1.0,6.5,6.5,2.0
Edinson Cavani,2,16,33,13,1375,10.0,10.0,3.0,4.0,0.0,8.0,8.0,2.2
Nemanja Matić,1,16,31,12,1106,0.0,0.0,0.0,2.0,0.0,0.3,0.3,0.7
Daniel James,2,16,22,11,910,3.0,3.0,1.0,3.0,0.0,2.2,2.2,0.9
Eric Bailly,0,16,26,10,916,0.0,0.0,0.0,3.0,0.0,0.1,0.1,0.0
Alex Telles,0,16,27,8,690,0.0,0.0,2.0,0.0,0.0,0.2,0.2,0.9
Juan Mata,2,16,32,6,509,1.0,0.0,2.0,0.0,0.0,1.0,0.2,0.8
Donny van de Beek,1,16,23,4,524,1.0,1.0,1.0,1.0,0.0,0.4,0.4,0.9
Axel Tuanzebe,0,16,22,4,404,0.0,0.0,0.0,2.0,0.0,0.0,0.0,0.0
Brandon Williams,0,16,19,2,188,0.0,0.0,0.0,0.0,0.0,0.2,0.2,0.0
Amad Diallo,2,16,18,2,166,0.0,0.0,1.0,0.0,0.0,0.0,0.0,0.5
Anthony Elanga,2,16,18,2,155,1.0,1.0,0.0,0.0,0.0,0.4,0.4,0.0
Timothy Fosu-Mensah,0,16,22,1,80,0.0,0.0,0.0,1.0,0.0,0.0,0.0,0.3
Shola Shoretire,2,16,16,0,11,0.0,0.0,0.0,0.0,0.0,0.0,0.0,0.0
Odion Ighalo,2,16,31,0,10,0.0,0.0,0.0,0.0,0.0,0.0,0.0,0.0
Hannibal Mejbri,1,16,17,0,9,0.0,0.0,0.0,0.0,0.0,0.0,0.0,0.0
William Thomas Fish,2,16,17,0,1,0.0,0.0,0.0,0.0,0.0,0.0,0.0,0.0
Jonjo Shelvey,1,17,28,29,2617,1.0,1.0,3.0,7.0,0.0,2.5,2.5,3.0
Miguel Almirón,1,17,26,28,2429,4.0,4.0,1.0,3.0,0.0,3.2,3.2,2.9
Federico Fernández,0,17,31,24,2079,0.0,0.0,0.0,4.0,0.0,0.3,0.3,0.6
Callum Wilson,2,17,28,23,2084,12.0,8.0,5.0,2.0,0.0,12.4,9.3,2.8
Joelinton,2,17,23,23,1983,4.0,3.0,2.0,3.0,0.0,5.4,4.6,2.4
Isaac Hayden,1,17,25,22,1942,0.0,0.0,0.0,8.0,0.0,0.7,0.7,0.3
Ciaran Clark,0,17,30,21,1891,1.0,1.0,0.0,3.0,0.0,0.7,0.7,0.1
Jamal Lewis,0,17,22,20,1837,0.0,0.0,1.0,4.0,0.0,0.1,0.1,1.0
Jamaal Lascelles,0,17,26,19,1625,2.0,2.0,0.0,4.0,0.0,1.3,1.3,0.1
Allan Saint-Maximin,2,17,23,19,1560,3.0,3.0,4.0,0.0,0.0,2.6,2.6,3.7
Jacob Murphy,0,17,25,17,1626,2.0,2.0,3.0,3.0,0.0,1.7,1.7,3.8
Jeff Hendrick,1,17,28,17,1422,2.0,2.0,1.0,3.0,1.0,1.1,1.1,1.1
Sean Longstaff,1,17,22,15,1412,0.0,0.0,1.0,2.0,0.0,1.4,1.4,1.0
Matt Ritchie,0,17,30,15,1350,0.0,0.0,2.0,2.0,0.0,0.4,0.4,2.2
Emil Krafth,0,17,25,14,1288,1.0,1.0,0.0,4.0,0.0,0.3,0.3,0.4
Paul Dummett,0,17,28,14,1255,1.0,1.0,0.0,2.0,0.0,0.3,0.3,0.2
Fabian Schär,0,17,28,13,1246,1.0,0.0,0.0,4.0,1.0,1.3,0.5,0.0
Joe Willock,1,17,20,11,978,8.0,8.0,0.0,0.0,0.0,3.9,3.0,0.5
Javier Manquillo,0,17,26,10,825,0.0,0.0,0.0,1.0,0.0,0.0,0.0,0.3
Ryan Fraser,2,17,26,9,928,0.0,0.0,2.0,2.0,1.0,0.9,0.9,2.0
DeAndre Yedlin,0,17,27,5,436,0.0,0.0,0.0,0.0,0.0,0.1,0.1,0.1
Dwight Gayle,2,17,29,4,514,1.0,1.0,1.0,0.0,0.0,2.9,2.9,0.3
Andy Carroll,2,17,31,4,392,1.0,1.0,0.0,1.0,0.0,0.8,0.8,0.1
Matthew Longstaff,1,17,20,4,377,0.0,0.0,0.0,0.0,0.0,0.0,0.0,0.2
Elliot Anderson,1,17,17,0,4,0.0,0.0,0.0,0.0,0.0,0.0,0.0,0.0
George Baldock,0,20,27,32,2787,0.0,0.0,2.0,7.0,0.0,1.2,1.2,2.9
Chris Basham,0,20,32,31,2576,0.0,0.0,1.0,5.0,0.0,0.7,0.7,0.9
Enda Stevens,0,20,30,30,2700,0.0,0.0,1.0,6.0,0.0,1.3,1.3,1.6
John Egan,0,20,27,30,2629,0.0,0.0,1.0,7.0,1.0,0.8,0.8,0.6
John Fleck,1,20,28,29,2575,0.0,0.0,2.0,4.0,0.0,0.6,0.6,2.9
David McGoldrick,2,20,32,28,2397,8.0,8.0,1.0,7.0,0.0,6.9,6.9,1.1
Oliver Norwood,1,20,29,26,2220,0.0,0.0,0.0,6.0,0.0,0.5,0.5,2.0
Ethan Ampadu,0,20,19,23,2089,0.0,0.0,0.0,3.0,0.0,0.3,0.3,1.2
John Lundstram,1,20,26,23,2032,0.0,0.0,2.0,8.0,1.0,1.9,1.1,1.3
Ben Osborn,1,20,25,17,1604,1.0,1.0,0.0,1.0,0.0,1.1,1.1,2.0
Oliver Burke,2,20,23,14,1269,1.0,1.0,1.0,2.0,0.0,2.1,2.1,2.2
Sander Berge,1,20,22,13,1120,1.0,0.0,1.0,4.0,0.0,1.2,0.4,1.1
Oliver McBurnie,2,20,24,12,1324,1.0,1.0,0.0,2.0,0.0,3.9,3.9,1.1
Rhian Brewster,2,20,20,12,1128,0.0,0.0,0.0,1.0,0.0,1.8,1.8,1.6
Jayden Bogle,0,20,20,12,1110,2.0,2.0,0.0,2.0,0.0,1.9,1.9,0.2
Kean Bryan,0,20,23,12,1004,1.0,1.0,0.0,1.0,0.0,0.9,0.9,0.6
Jack Robinson,0,20,26,9,877,0.0,0.0,1.0,3.0,0.0,0.7,0.7,0.6
Billy Sharp,2,20,34,7,735,3.0,1.0,0.0,1.0,0.0,3.0,1.5,0.5
Max Lowe,0,20,23,7,550,0.0,0.0,0.0,1.0,0.0,0.1,0.1,0.1
Phil Jagielka,0,20,37,6,526,0.0,0.0,0.0,1.0,1.0,0.0,0.0,0.0
Daniel Jebbison,2,20,16,3,284,1.0,1.0,0.0,0.0,0.0,1.1,1.1,0.0
Lys Mousset,2,20,24,2,296,0.0,0.0,0.0,0.0,0.0,1.0,1.0,0.3
Jack O'Connell,0,20,26,2,180,0.0,0.0,0.0,0.0,0.0,0.0,0.0,0.0
Iliman Ndiaye,1,20,20,0,12,0.0,0.0,0.0,0.0,0.0,0.0,0.0,0.0
Antwoine Hackford,0,20,16,0,11,0.0,0.0,0.0,0.0,0.0,0.1,0.1,0.0
Femi Seriki,1,20,18,0,1,0.0,0.0,0.0,0.0,0.0,0.0,0.0,0.0
James Ward-Prowse,1,21,25,38,3420,8.0,5.0,7.0,5.0,0.0,5.7,2.5,3.9
Jan Bednarek,0,21,24,36,3100,1.0,1.0,1.0,5.0,1.0,0.7,0.7,0.6
Stuart Armstrong,1,21,28,32,2764,4.0,4.0,5.0,3.0,0.0,2.7,2.7,2.6
Che Adams,2,21,24,30,2667,9.0,9.0,5.0,1.0,0.0,9.8,9.8,5.0
Kyle Walker-Peters,0,21,23,30,2645,0.0,0.0,2.0,4.0,0.0,1.0,1.0,1.2
Ryan Bertrand,0,21,30,29,2598,0.0,0.0,1.0,5.0,0.0,0.4,0.4,1.3
Jannik Vestergaard,0,21,27,29,2574,3.0,3.0,0.0,3.0,1.0,1.5,1.5,0.5
Danny Ings,2,21,28,26,2173,12.0,10.0,4.0,1.0,0.0,8.5,6.9,2.1
Oriol Romeu,1,21,28,20,1763,1.0,1.0,1.0,6.0,0.0,0.5,0.5,1.4
Theo Walcott,1,21,31,20,1618,3.0,3.0,3.0,0.0,0.0,2.3,2.3,1.0
Nathan Redmond,1,21,26,17,1738,2.0,2.0,3.0,1.0,0.0,3.1,3.1,3.2
Jack Stephens,0,21,26,17,1537,0.0,0.0,0.0,2.0,0.0,0.8,0.8,0.3
Moussa Djenepo,1,21,22,15,1240,1.0,1.0,0.0,5.0,0.0,0.8,0.8,0.4
Ibrahima Diallo,1,21,21,10,1020,0.0,0.0,0.0,3.0,0.0,0.5,0.5,0.6
Takumi Minamino,1,21,25,9,711,2.0,2.0,0.0,1.0,0.0,1.5,1.5,0.5
Mohammed Salisu,0,21,21,8,844,0.0,0.0,0.0,1.0,0.0,0.3,0.3,0.4
Nathan Tella,2,21,21,7,745,1.0,1.0,1.0,2.0,0.0,1.6,1.6,0.8
William Smallbone,1,21,20,2,172,0.0,0.0,0.0,0.0,0.0,0.1,0.1,0.0
Shane Long,2,21,33,1,210,0.0,0.0,0.0,0.0,0.0,0.1,0.1,0.0
Yan Valery,0,21,21,1,103,0.0,0.0,0.0,0.0,0.0,0.2,0.2,0.1
Kayne Ramsey,0,21,19,1,90,0.0,0.0,0.0,1.0,0.0,0.0,0.0,0.0
Jake Vokins,0,21,20,1,66,0.0,0.0,0.0,0.0,0.0,0.0,0.0,0.1
Alexandre Jankewitz,1,21,18,1,3,0.0,0.0,0.0,0.0,1.0,0.0,0.0,0.0
Dan Nlundulu,2,21,21,0,111,0.0,0.0,0.0,0.0,0.0,0.1,0.1,0.0
Michael Obafemi,2,21,20,0,61,0.0,0.0,0.0,0.0,0.0,0.0,0.0,0.1
Caleb Watts,1,21,18,0,39,0.0,0.0,0.0,1.0,0.0,0.0,0.0,0.0
Allan Tchaptchet,0,21,18,0,13,0.0,0.0,0.0,0.0,0.0,0.0,0.0,0.0
Pierre Højbjerg,1,22,24,38,3420,2.0,2.0,4.0,9.0,0.0,1.1,1.1,1.6
Son Heung-min,2,22,28,36,3114,17.0,16.0,10.0,0.0,0.0,9.7,8.9,8.4
Harry Kane,2,22,27,35,3082,23.0,19.0,14.0,1.0,0.0,20.1,16.9,7.1
Eric Dier,0,22,26,28,2520,0.0,0.0,0.0,3.0,0.0,1.2,1.2,0.3
Tanguy Ndombele,1,22,23,28,2091,3.0,3.0,2.0,3.0,0.0,1.6,1.6,1.8
Sergio Reguilón,0,22,23,26,2244,0.0,0.0,3.0,5.0,0.0,1.0,1.0,2.0
Toby Alderweireld,0,22,31,25,2240,1.0,1.0,0.0,2.0,0.0,0.7,0.7,0.7
Serge Aurier,0,22,27,19,1605,2.0,2.0,3.0,0.0,0.0,1.1,1.1,3.4
Davinson Sánchez,0,22,24,17,1486,0.0,0.0,0.0,1.0,0.0,0.8,0.8,0.0
Moussa Sissoko,1,22,30,15,1585,0.0,0.0,0.0,3.0,0.0,0.2,0.2,0.1
Lucas Moura,2,22,27,14,1411,3.0,3.0,4.0,1.0,0.0,1.9,1.9,2.0
Ben Davies,0,22,27,14,1346,0.0,0.0,1.0,1.0,0.0,0.2,0.2,0.6
Matt Doherty,0,22,28,13,1240,0.0,0.0,2.0,4.0,1.0,0.4,0.4,0.7
Steven Bergwijn,2,22,22,13,1208,1.0,1.0,3.0,3.0,0.0,2.0,2.0,0.9
Giovani Lo Celso,1,22,24,11,945,1.0,1.0,1.0,5.0,0.0,1.4,1.4,1.0
Gareth Bale,2,22,31,10,920,11.0,11.0,2.0,1.0,0.0,5.8,5.8,1.8
Harry Winks,1,22,24,9,861,0.0,0.0,0.0,5.0,0.0,0.1,0.1,0.2
Joe Rodon,0,22,22,8,733,0.0,0.0,0.0,0.0,0.0,0.0,0.0,0.0
Dele Alli,1,22,24,7,620,0.0,0.0,1.0,0.0,0.0,2.0,2.0,1.2
Japhet Tanganga,0,22,21,6,487,0.0,0.0,0.0,2.0,0.0,0.4,0.4,0.6
Érik Lamela,2,22,28,5,717,1.0,1.0,0.0,6.0,1.0,1.1,1.1,1.0
Carlos Vinícius,2,22,25,3,308,1.0,1.0,0.0,2.0,0.0,1.2,1.2,0.1
Dane Scarlett,2,22,16,0,1,0.0,0.0,0.0,0.0,0.0,0.0,0.0,0.0
Darnell Furlong,0,24,24,32,2932,1.0,1.0,3.0,5.0,0.0,2.0,2.0,1.9
Semi Ajayi,0,24,26,31,2780,2.0,2.0,0.0,3.0,1.0,1.9,1.9,0.5
Matheus Pereira,1,24,24,30,2577,11.0,7.0,6.0,2.0,1.0,7.3,4.2,6.3
Kyle Bartley,0,24,29,28,2584,3.0,3.0,1.0,4.0,0.0,2.5,2.5,1.4
Conor Gallagher,1,24,20,28,2531,2.0,2.0,2.0,11.0,0.0,1.5,1.5,1.8
Conor Townsend,0,24,27,25,2234,0.0,0.0,2.0,0.0,0.0,1.1,1.1,2.7
Dara O'Shea,0,24,21,25,2102,0.0,0.0,0.0,3.0,0.0,0.1,0.1,0.2
Matt Phillips,1,24,29,20,1828,2.0,2.0,1.0,1.0,0.0,2.8,2.8,3.4
Callum Robinson,2,24,25,20,1560,5.0,5.0,0.0,0.0,0.0,3.1,3.1,1.0
Romaine Sawyers,1,24,28,17,1487,0.0,0.0,0.0,2.0,0.0,0.1,0.1,0.6
Okay Yokuşlu,1,24,26,15,1317,0.0,0.0,1.0,4.0,0.0,0.9,0.9,0.7
Jake Livermore,1,24,30,15,1242,0.0,0.0,0.0,2.0,1.0,0.3,0.3,0.2
Grady Diangana,1,24,22,15,1235,1.0,1.0,0.0,0.0,0.0,1.1,1.1,0.2
Ainsley Maitland-Niles,1,24,22,14,1230,0.0,0.0,0.0,2.0,0.0,0.6,0.6,0.7
Mbaye Diagne,2,24,28,14,1189,3.0,3.0,2.0,2.0,0.0,6.6,6.6,1.0
Karlan Grant,2,24,22,14,1127,1.0,1.0,0.0,1.0,0.0,1.8,1.8,0.2
Kieran Gibbs,0,24,30,9,809,0.0,0.0,0.0,1.0,1.0,0.1,0.1,0.4
Branislav Ivanović,0,24,36,8,767,0.0,0.0,0.0,2.0,0.0,0.5,0.5,0.1
Robert Snodgrass,1,24,32,6,526,0.0,0.0,0.0,2.0,0.0,0.2,0.2,0.4
Filip Krovinović,1,24,24,5,546,0.0,0.0,0.0,0.0,0.0,0.3,0.3,0.2
Lee Peltier,0,24,33,3,229,0.0,0.0,0.0,1.0,0.0,0.0,0.0,0.0
Hal Robson-Kanu,2,24,31,2,561,2.0,2.0,0.0,2.0,0.0,1.2,1.2,0.2
Kamil Grosicki,1,24,32,2,148,0.0,0.0,1.0,0.0,0.0,0.1,0.1,0.3
Kyle Edwards,1,24,22,1,118,0.0,0.0,0.0,0.0,0.0,0.1,0.1,0.0
Ahmed Hegazi,0,24,29,1,90,0.0,0.0,0.0,0.0,0.0,0.0,0.0,0.0
Charlie Austin,2,24,31,0,138,0.0,0.0,0.0,0.0,0.0,0.4,0.4,0.0
Sam Field,1,24,22,0,62,0.0,0.0,0.0,0.0,0.0,0.0,0.0,0.0
Rekeem Harper,1,24,20,0,32,0.0,0.0,0.0,0.0,0.0,0.0,0.0,0.0
Tomáš Souček,1,25,25,38,3419,10.0,10.0,1.0,7.0,1.0,8.4,8.4,2.0
Aaron Cresswell,0,25,30,36,3170,0.0,0.0,8.0,3.0,0.0,1.0,1.0,6.5
Vladimír Coufal,0,25,27,34,3054,0.0,0.0,7.0,3.0,0.0,1.3,1.3,5.5
Declan Rice,1,25,21,32,2879,2.0,1.0,1.0,2.0,0.0,3.2,1.6,1.8
Pablo Fornals,2,25,24,31,2572,5.0,5.0,4.0,3.0,0.0,6.0,6.0,2.3
Jarrod Bowen,2,25,23,30,2562,8.0,8.0,5.0,0.0,0.0,7.1,7.1,5.0
Angelo Ogbonna,0,25,32,28,2492,3.0,3.0,0.0,5.0,0.0,1.7,1.7,0.8
Michail Antonio,2,25,30,24,1974,10.0,10.0,5.0,3.0,0.0,12.9,12.9,3.0
Craig Dawson,0,25,30,22,1925,3.0,3.0,0.0,5.0,1.0,1.9,1.9,0.1
Jesse Lingard,1,25,27,16,1421,9.0,8.0,4.0,3.0,0.0,4.5,2.8,2.1
Issa Diop,0,25,23,15,1381,2.0,2.0,0.0,3.0,0.0,0.5,0.5,0.0
Saïd Benrahma,2,25,24,14,1391,1.0,1.0,6.0,0.0,0.0,2.6,2.6,4.1
Fabián Balbuena,0,25,28,13,1198,1.0,1.0,0.0,1.0,1.0,0.7,0.7,0.0
Arthur Masuaku,0,25,26,12,1006,0.0,0.0,2.0,2.0,0.0,0.5,0.5,2.2
Sébastien Haller,2,25,26,10,937,3.0,3.0,0.0,0.0,0.0,2.9,2.9,1.4
Mark Noble,1,25,33,8,712,0.0,0.0,0.0,1.0,0.0,0.0,0.0,0.3
Ryan Fredericks,0,25,27,6,569,1.0,1.0,1.0,2.0,0.0,0.3,0.3,1.2
Manuel Lanzini,1,25,27,5,566,1.0,1.0,1.0,1.0,0.0,1.0,1.0,0.9
Ben Johnson,0,25,20,5,523,1.0,1.0,0.0,1.0,0.0,0.4,0.4,0.4
Andriy Yarmolenko,2,25,30,1,375,0.0,0.0,1.0,3.0,0.0,0.3,0.3,0.8
Robert Snodgrass,2,25,32,0,5,0.0,0.0,0.0,0.0,0.0,0.0,0.0,0.0
Felipe Anderson,2,25,27,0,3,0.0,0.0,0.0,0.0,0.0,0.0,0.0,0.0
Conor Coady,0,26,27,37,3303,1.0,1.0,0.0,5.0,0.0,1.0,1.0,0.2
Nélson Semedo,0,26,26,34,2983,1.0,1.0,1.0,5.0,0.0,1.3,1.3,1.3
Rúben Neves,1,26,23,31,2675,5.0,2.0,1.0,8.0,0.0,5.1,2.7,1.9
Pedro Neto,2,26,20,30,2550,5.0,5.0,6.0,4.0,0.0,5.1,5.1,5.4
Adama Traoré,2,26,24,28,2649,2.0,2.0,2.0,4.0,0.0,2.0,2.0,4.8
João Moutinho,1,26,33,28,2528,1.0,1.0,1.0,5.0,1.0,0.6,0.6,2.4
Leander Dendoncker,1,26,25,28,2503,1.0,1.0,0.0,4.0,0.0,3.1,3.1,0.7
Romain Saïss,0,26,30,27,2407,3.0,3.0,0.0,2.0,0.0,3.0,3.0,0.2
Daniel Podence,1,26,24,22,1661,3.0,3.0,2.0,3.0,0.0,2.5,2.5,1.7
Willy Boly,0,26,29,21,1879,1.0,1.0,1.0,2.0,0.0,1.1,1.1,0.3
Rayan Aït Nouri,0,26,19,16,1404,1.0,1.0,1.0,1.0,0.0,0.6,0.6,0.6
Max Kilman,0,26,23,14,1310,0.0,0.0,1.0,4.0,0.0,0.8,0.8,0.5
Willian José,2,26,28,12,1110,1.0,1.0,0.0,0.0,0.0,1.6,1.6,1.2
Fábio Silva,2,26,18,11,1369,4.0,3.0,3.0,2.0,0.0,5.3,4.5,1.0
Raúl Jiménez,2,26,29,10,823,4.0,4.0,0.0,0.0,0.0,2.4,2.4,0.3
Fernando Marçal,0,26,31,7,623,0.0,0.0,0.0,2.0,0.0,0.1,0.1,0.1
Jonny Castro,1,26,26,7,495,0.0,0.0,0.0,0.0,0.0,0.1,0.1,0.1
Ki-Jana Hoever,0,26,18,5,577,0.0,0.0,0.0,1.0,0.0,0.0,0.0,0.2
Vitinha,1,26,20,5,520,0.0,0.0,1.0,0.0,0.0,0.5,0.5,0.6
Morgan Gibbs-White,1,26,20,4,414,1.0,1.0,0.0,1.0,0.0,0.8,0.8,0.4
Owen Otasowie,1,26,19,2,187,0.0,0.0,1.0,1.0,0.0,0.5,0.5,0.1
Rúben Vinagre,1,26,21,1,173,0.0,0.0,0.0,0.0,0.0,0.0,0.0,0.1
Patrick Cutrone,2,26,22,0,25,0.0,0.0,0.0,0.0,0.0,0.1,0.1,0.0
Oskar Buur,0,26,22,0,22,0.0,0.0,0.0,0.0,0.0,0.0,0.0,0.0
Theo Corbeanu,2,26,18,0,9,0.0,0.0,0.0,0.0,0.0,0.0,0.0,0.0
